{"cameraMode":{"drawMode":0,"name":"Shaded","section":"Shading Mode"},"sceneLighting":false,"audioPlay":false,"sceneViewState":{"m_AlwaysRefresh":false,"showFog":true,"showSkybox":false,"showFlares":true,"showImageEffects":true,"showParticleSystems":true,"showVisualEffectGraphs":true,"m_FxEnabled":true},"in2DMode":false,"pivot":{"x":-1.5481834411621094,"y":1.0500497817993165,"z":-0.07515973597764969},"rotation":{"x":0.16932621598243714,"y":0.7767543196678162,"z":-0.23517481982707978,"w":0.5592299699783325},"size":2.7106592655181886,"orthographic":false}