{"cameraMode":{"drawMode":0,"name":"Shaded","section":"Shading Mode"},"sceneLighting":false,"audioPlay":false,"sceneViewState":{"m_AlwaysRefresh":false,"showFog":true,"showSkybox":false,"showFlares":true,"showImageEffects":true,"showParticleSystems":true,"showVisualEffectGraphs":true,"m_FxEnabled":true},"in2DMode":false,"pivot":{"x":-3.3513073921203615,"y":1.9823319911956788,"z":0.7354323863983154},"rotation":{"x":-0.11394622921943665,"y":-0.7504924535751343,"z":0.13423912227153779,"w":-0.6370258331298828},"size":0.18025228381156922,"orthographic":false}