{"cameraMode":{"drawMode":0,"name":"Shaded","section":"Shading Mode"},"sceneLighting":true,"audioPlay":false,"sceneViewState":{"m_AlwaysRefresh":false,"showFog":true,"showSkybox":true,"showFlares":true,"showImageEffects":true,"showParticleSystems":true,"showVisualEffectGraphs":true,"m_FxEnabled":true},"in2DMode":false,"pivot":{"x":-0.024906516075134279,"y":1.0640827417373658,"z":-0.2414175271987915},"rotation":{"x":0.1493334025144577,"y":0.7955500483512878,"z":-0.21786391735076905,"w":0.5453137159347534},"size":0.8660253882408142,"orthographic":false}