{"cameraMode":{"drawMode":0,"name":"Shaded","section":"Shading Mode"},"sceneLighting":false,"audioPlay":false,"sceneViewState":{"m_AlwaysRefresh":false,"showFog":true,"showSkybox":false,"showFlares":true,"showImageEffects":true,"showParticleSystems":true,"showVisualEffectGraphs":true,"m_FxEnabled":true},"in2DMode":false,"pivot":{"x":20.679729461669923,"y":24.695396423339845,"z":32.13266372680664},"rotation":{"x":0.10945621132850647,"y":-0.8882049918174744,"z":0.27945178747177126,"w":0.34809499979019167},"size":0.000017320509869023226,"orthographic":false}